{
  "name" : "Greeting",
  "type" : "NLPIntent",
  "trackingId" : "1A6B8D2F-7162-43F8-B49C-C0A448BB2C8D",
  "intentParameters" : [ ],
  "exampleData" : [ {
    "sentence" : "...",
    "trackingId" : "94A7A078-4D65-4932-8A65-E7F8A37270D0",
    "translated" : null,
    "detectedLanguage" : null,
    "translatedLanguage" : null,
    "translatedBy" : null,
    "exampleEntities" : [ ]
  }, {
    "sentence" : "Hi",
    "trackingId" : "79219A9D-584B-4B92-BA65-37F35D9F6067",
    "translated" : null,
    "detectedLanguage" : null,
    "translatedLanguage" : null,
    "translatedBy" : null,
    "exampleEntities" : [ ]
  }, {
    "sentence" : "help ",
    "trackingId" : "A13DAEB8-4028-4D3F-891F-29CE6EAF6D85",
    "translated" : null,
    "detectedLanguage" : null,
    "translatedLanguage" : null,
    "translatedBy" : null,
    "exampleEntities" : [ ]
  }, {
    "sentence" : "ello",
    "trackingId" : "EE3A0A2B-E202-4E79-8AF8-03EE36411349",
    "translated" : null,
    "detectedLanguage" : null,
    "translatedLanguage" : null,
    "translatedBy" : null,
    "exampleEntities" : [ ]
  }, {
    "sentence" : "ola",
    "trackingId" : "53A88FFB-A7B2-4614-9458-2CDA16009BEC",
    "translated" : null,
    "detectedLanguage" : null,
    "translatedLanguage" : null,
    "translatedBy" : null,
    "exampleEntities" : [ ]
  }, {
    "sentence" : "hi",
    "trackingId" : "6BE87F7C-0FA5-4C54-964A-D3F022B2EDE3",
    "translated" : null,
    "detectedLanguage" : null,
    "translatedLanguage" : null,
    "translatedBy" : null,
    "exampleEntities" : [ ]
  }, {
    "sentence" : "Hello",
    "trackingId" : "4F53209C-FCD5-447D-87E5-C6D4DDA670C2",
    "translated" : null,
    "detectedLanguage" : null,
    "translatedLanguage" : null,
    "translatedBy" : null,
    "exampleEntities" : [ ]
  } ],
  "autoCompleteData" : [ ]
}