{
  "name" : "InventoryForecasting",
  "type" : "NLPIntent",
  "trackingId" : "08FE04CA-8D9D-491D-8AD6-DDB5C3B1AF33",
  "intentParameters" : [ {
    "name" : "Regions",
    "required" : true,
    "entity" : "Regions",
    "trackingId" : "F810AD8D-68A4-4C69-BB0B-7D19AEC5E73F"
  }, {
    "name" : "Stores",
    "required" : true,
    "entity" : "Stores",
    "trackingId" : "F937ACF2-59F5-4F5A-8D00-0085E5578252"
  } ],
  "exampleData" : [ {
    "sentence" : "Inventory Forecasting",
    "trackingId" : "A842DE9A-8AE8-4C2E-864E-745EA2F87705",
    "translated" : null,
    "detectedLanguage" : null,
    "translatedLanguage" : null,
    "translatedBy" : null,
    "exampleEntities" : [ ]
  }, {
    "sentence" : "Need",
    "trackingId" : "783CC606-1C8C-40DA-B518-EFB5CB071208",
    "translated" : null,
    "detectedLanguage" : null,
    "translatedLanguage" : null,
    "translatedBy" : null,
    "exampleEntities" : [ ]
  }, {
    "sentence" : "inventory ",
    "trackingId" : "F11ADC53-F271-404B-803B-93C08074BFD8",
    "translated" : null,
    "detectedLanguage" : null,
    "translatedLanguage" : null,
    "translatedBy" : null,
    "exampleEntities" : [ ]
  }, {
    "sentence" : "invontory ",
    "trackingId" : "D7A06AE8-4942-4D41-A912-70BC3654D3EE",
    "translated" : null,
    "detectedLanguage" : null,
    "translatedLanguage" : null,
    "translatedBy" : null,
    "exampleEntities" : [ ]
  }, {
    "sentence" : "Inventory",
    "trackingId" : "68513CEE-2684-4833-80B3-F725D76C6716",
    "translated" : null,
    "detectedLanguage" : null,
    "translatedLanguage" : null,
    "translatedBy" : null,
    "exampleEntities" : [ ]
  }, {
    "sentence" : "immediate need",
    "trackingId" : "4C1B47AD-DF65-491A-8048-F074F864D889",
    "translated" : null,
    "detectedLanguage" : null,
    "translatedLanguage" : null,
    "translatedBy" : null,
    "exampleEntities" : [ ]
  }, {
    "sentence" : "urgent requirement",
    "trackingId" : "298BF53F-0966-44B2-880E-CF1D5E403CB5",
    "translated" : null,
    "detectedLanguage" : null,
    "translatedLanguage" : null,
    "translatedBy" : null,
    "exampleEntities" : [ ]
  }, {
    "sentence" : "inventory ",
    "trackingId" : "D6A82172-4F0A-4CC0-B3BC-4288368B4166",
    "translated" : null,
    "detectedLanguage" : null,
    "translatedLanguage" : null,
    "translatedBy" : null,
    "exampleEntities" : [ ]
  }, {
    "sentence" : "out of stock ",
    "trackingId" : "2DCC2EB4-7F7B-448D-87C0-A634722BA884",
    "translated" : null,
    "detectedLanguage" : null,
    "translatedLanguage" : null,
    "translatedBy" : null,
    "exampleEntities" : [ ]
  }, {
    "sentence" : "immediate Need",
    "trackingId" : "AAB85608-8B10-4EF3-957C-910B1155B6BF",
    "translated" : null,
    "detectedLanguage" : null,
    "translatedLanguage" : null,
    "translatedBy" : null,
    "exampleEntities" : [ ]
  }, {
    "sentence" : "out of stock ",
    "trackingId" : "69E02B92-49E1-4931-9593-3F140E2B2578",
    "translated" : null,
    "detectedLanguage" : null,
    "translatedLanguage" : null,
    "translatedBy" : null,
    "exampleEntities" : [ ]
  }, {
    "sentence" : "Inventory Forecasting",
    "trackingId" : "89F2147E-90A1-400B-97CB-9B82679C5745",
    "translated" : null,
    "detectedLanguage" : null,
    "translatedLanguage" : null,
    "translatedBy" : null,
    "exampleEntities" : [ ]
  } ],
  "autoCompleteData" : [ ]
}