{
  "name" : "Stores",
  "type" : "NLPIntent",
  "trackingId" : "6277F12E-91EB-414D-AA74-392A5A6ED91C",
  "intentParameters" : [ {
    "name" : "Regions",
    "required" : true,
    "entity" : "Regions",
    "trackingId" : "6C09F28C-B3D0-45A4-A41F-7FBC3B4F72B5"
  }, {
    "name" : "Stores",
    "required" : true,
    "entity" : "Stores",
    "trackingId" : "60B928EA-0AE0-48D2-A9C3-5B7C7720814A"
  } ],
  "exampleData" : [ {
    "sentence" : "stores by region ",
    "trackingId" : "0C803D0F-9FA5-4E4A-A30E-E7D4877C5CB1",
    "translated" : null,
    "detectedLanguage" : null,
    "translatedLanguage" : null,
    "translatedBy" : null,
    "exampleEntities" : [ ]
  }, {
    "sentence" : "show me all store by region ",
    "trackingId" : "22812D53-E179-436C-90A6-547881E27C43",
    "translated" : null,
    "detectedLanguage" : null,
    "translatedLanguage" : null,
    "translatedBy" : null,
    "exampleEntities" : [ ]
  }, {
    "sentence" : "show me all stores",
    "trackingId" : "4F3C3BA3-94D8-461C-9CD6-DD3D06728696",
    "translated" : null,
    "detectedLanguage" : null,
    "translatedLanguage" : null,
    "translatedBy" : null,
    "exampleEntities" : [ ]
  }, {
    "sentence" : "show me all stores",
    "trackingId" : "BCB5D6CD-4DF4-4738-8550-F51689749117",
    "translated" : null,
    "detectedLanguage" : null,
    "translatedLanguage" : null,
    "translatedBy" : null,
    "exampleEntities" : [ ]
  }, {
    "sentence" : "show me all stores",
    "trackingId" : "86859A29-F615-4584-817D-5AB8AA6A3C2F",
    "translated" : null,
    "detectedLanguage" : null,
    "translatedLanguage" : null,
    "translatedBy" : null,
    "exampleEntities" : [ ]
  }, {
    "sentence" : "list of all store in ",
    "trackingId" : "0DF0CD80-1450-4D8F-BA71-3740823E8ECC",
    "translated" : null,
    "detectedLanguage" : null,
    "translatedLanguage" : null,
    "translatedBy" : null,
    "exampleEntities" : [ ]
  }, {
    "sentence" : "show me all stores",
    "trackingId" : "75FD8721-E748-4C12-B858-FDFE1874ECEF",
    "translated" : null,
    "detectedLanguage" : null,
    "translatedLanguage" : null,
    "translatedBy" : null,
    "exampleEntities" : [ ]
  }, {
    "sentence" : "shops",
    "trackingId" : "E54ACC58-459E-4B50-A8AB-8B966C6705A7",
    "translated" : null,
    "detectedLanguage" : null,
    "translatedLanguage" : null,
    "translatedBy" : null,
    "exampleEntities" : [ ]
  }, {
    "sentence" : "list of all stores",
    "trackingId" : "A241CD3A-9E4A-466E-9A8A-B4FFFACEE3E6",
    "translated" : null,
    "detectedLanguage" : null,
    "translatedLanguage" : null,
    "translatedBy" : null,
    "exampleEntities" : [ ]
  } ],
  "autoCompleteData" : [ ]
}