{
  "name" : "Regions",
  "type" : "ENUMVALUES",
  "enumValues" : [ {
    "type" : "StaticEntityValue",
    "trackingId" : "803CFAA3-01D9-4394-8F6B-246B183ABE2F",
    "canonicalName" : "San Francisco",
    "synonyms" : [ "San Francisco", "sf", "SF", "CA" ],
    "extensionType" : null
  }, {
    "type" : "StaticEntityValue",
    "trackingId" : "4D1F9FF9-C89D-4B25-8059-27D08431ADD6",
    "canonicalName" : "Boston Area",
    "synonyms" : [ "Boston Area", "boston", "Massachusetts", "MA", "ma" ],
    "extensionType" : null
  }, {
    "type" : "StaticEntityValue",
    "trackingId" : "220A9846-4C8B-4AF5-81EE-7E58B06374CB",
    "canonicalName" : "Chicago Area",
    "synonyms" : [ "Chicago Area", "Chicago", "IL", "il" ],
    "extensionType" : null
  } ],
  "multiValue" : false,
  "fuzzyMatch" : false,
  "promptForDisambiguation" : false,
  "botPrompts" : [ ],
  "validationRules" : [ ],
  "trackingId" : "175F10C4-27C5-423B-94A6-135C41EBEF0D"
}