{
  "name" : "Stores",
  "type" : "ENUMVALUES",
  "enumValues" : [ {
    "type" : "StaticEntityValue",
    "trackingId" : "7BA6CC84-8696-406E-B774-BE56CEF0655C",
    "canonicalName" : "1000 California St",
    "synonyms" : [ "1000 California St", "1000 California street", "1000 California" ],
    "extensionType" : null
  }, {
    "type" : "StaticEntityValue",
    "trackingId" : "6E6FE01F-6072-46C9-96D2-D35A295141C0",
    "canonicalName" : "1221 Fell St",
    "synonyms" : [ "1221 Fell St" ],
    "extensionType" : null
  }, {
    "type" : "StaticEntityValue",
    "trackingId" : "BBCCC91B-DB9A-48BD-A51E-6307AC4DF688",
    "canonicalName" : "800 Howard St",
    "synonyms" : [ "800 Howard St", "800 Howard Street", "800 Howard", "800 howard" ],
    "extensionType" : null
  }, {
    "type" : "StaticEntityValue",
    "trackingId" : "E1753743-0A78-4C97-8330-8E5DBDE15BFF",
    "canonicalName" : "154 Lombard St",
    "synonyms" : [ "154 Lombard St" ],
    "extensionType" : null
  }, {
    "type" : "StaticEntityValue",
    "trackingId" : "76BEE175-0F78-48A2-AE32-81A66D3350E1",
    "canonicalName" : "987 West St",
    "synonyms" : [ "987 West St" ],
    "extensionType" : null
  }, {
    "type" : "StaticEntityValue",
    "trackingId" : "632ED3C7-BDBB-4F8F-AF6A-2B577C221AB5",
    "canonicalName" : "187 Massachusetts Ave",
    "synonyms" : [ "187 Massachusetts Ave" ],
    "extensionType" : null
  }, {
    "type" : "StaticEntityValue",
    "trackingId" : "3A0E78CD-A9A9-4155-86A5-E3683624C53A",
    "canonicalName" : "5500 Pearl St",
    "synonyms" : [ "5500 Pearl St" ],
    "extensionType" : null
  }, {
    "type" : "StaticEntityValue",
    "trackingId" : "CF4043F2-0376-4F49-8039-5472944B7F11",
    "canonicalName" : "5100 W Harrison St",
    "synonyms" : [ "5100 W Harrison St" ],
    "extensionType" : null
  }, {
    "type" : "StaticEntityValue",
    "trackingId" : "7015263B-07AD-435C-9C2E-1CA4B667B87E",
    "canonicalName" : "640 S Clark St",
    "synonyms" : [ "640 S Clark St" ],
    "extensionType" : null
  } ],
  "multiValue" : false,
  "fuzzyMatch" : false,
  "promptForDisambiguation" : false,
  "botPrompts" : [ ],
  "validationRules" : [ ],
  "trackingId" : "5F9D79E8-2BD5-43AC-B918-E97EE8A7F273"
}