{
  "name" : "UserChoicesType",
  "type" : "ENUMVALUES",
  "enumValues" : [ {
    "type" : "StaticEntityValue",
    "trackingId" : "112BBE28-5C15-4E7E-8A07-F47D0AC477CC",
    "canonicalName" : "Inventory Forecasting",
    "synonyms" : [ "product lookup", "item lookup", "Inventory forecasting", "Inventory forecast", "Inventory" ],
    "extensionType" : null
  }, {
    "type" : "StaticEntityValue",
    "trackingId" : "629AE67F-7DAF-448F-9BB4-6B25AB071A9A",
    "canonicalName" : "Trending product",
    "synonyms" : [ "Highest Selling", "Maximum Selling", "Most sold", "Trending product", "Trending" ],
    "extensionType" : null
  } ],
  "multiValue" : false,
  "fuzzyMatch" : false,
  "promptForDisambiguation" : true,
  "botPrompts" : [ {
    "text" : "Please enter Entity1",
    "sequenceNr" : null
  } ],
  "validationRules" : [ ],
  "trackingId" : "BFBA243F-BB4A-4327-8C2F-7B113FFBF01F"
}